Key;Transition;Timestamp
LIC-247;Created;30.03.2020 16:30:13
LIC-247;Done;12.05.2020 15:34:54
LIC-247;Done;08.05.2020 13:10:06
LIC-247;In Progress;28.04.2020 09:00:00
LIC-247;Funnel;22.04.2020 09:00:00
LIC-247;In Progress;16.04.2020 09:00:00
LIC-246;Created;28.01.2020 11:15:40
LIC-246;Done;12.05.2020 15:34:54
LIC-246;Done;24.02.2020 12:53:23
LIC-246;Funnel;12.02.2020 08:00:00
LIC-246;In Progress;10.02.2020 15:15:43
LIC-246;Funnel;05.02.2020 12:00:57
LIC-246;In Progress;28.01.2020 08:00:00
LIC-245;Created;31.01.2020 09:08:30
LIC-245;Released;12.05.2020 15:34:54
LIC-245;Done;11.02.2020 12:32:09
LIC-245;In Progress;11.02.2020 08:00:00
LIC-245;Funnel;04.02.2020 15:07:57
LIC-245;In Progress;04.02.2020 12:18:46
LIC-244;Created;06.05.2020 16:58:40
LIC-243;Created;20.02.2020 10:43:57
LIC-243;Released;12.05.2020 15:34:54
LIC-243;Done;06.03.2020 16:00:00
LIC-243;In Progress;05.03.2020 12:33:01
LIC-243;Funnel;28.02.2020 08:00:00
LIC-243;In Progress;26.02.2020 12:12:24
LIC-242;Created;14.04.2020 14:40:04
LIC-241;Created;20.03.2020 09:22:32
LIC-241;Funnel;09.04.2020 09:00:00
LIC-241;In Progress;08.04.2020 09:00:00
LIC-240;Created;26.03.2020 13:00:54
LIC-240;In Progress;08.05.2020 09:00:00
LIC-239;Created;06.05.2020 13:40:15
LIC-238;Created;10.03.2020 08:23:57
LIC-238;Released;12.05.2020 15:34:54
LIC-238;Done;28.04.2020 13:21:18
LIC-238;In Progress;21.04.2020 09:00:00
LIC-238;Funnel;31.03.2020 13:53:43
LIC-238;In Progress;31.03.2020 09:00:00
LIC-237;Created;17.02.2020 10:51:32
LIC-237;Released;12.05.2020 15:34:54
LIC-237;Done;31.03.2020 13:13:03
LIC-237;Funnel;24.03.2020 16:00:00
LIC-237;In Progress;24.03.2020 15:52:27
LIC-237;In Progress;24.03.2020 12:43:34
LIC-237;Funnel;16.03.2020 08:00:00
LIC-237;In Progress;06.03.2020 10:49:43
LIC-236;Created;02.04.2020 09:41:38
LIC-235;Created;18.02.2020 09:13:27
LIC-235;Done;12.05.2020 15:34:54
LIC-235;Done;30.03.2020 17:00:00
LIC-235;In Progress;30.03.2020 09:00:00
LIC-235;Funnel;18.03.2020 13:00:00
LIC-235;In Progress;17.03.2020 12:56:46
LIC-235;Funnel;16.03.2020 11:21:03
LIC-235;In Progress;13.03.2020 08:00:00
LIC-234;Created;20.02.2020 12:19:54
LIC-234;Released;12.05.2020 15:34:54
LIC-234;Done;09.04.2020 13:57:41
LIC-234;In Progress;06.04.2020 09:00:00
LIC-234;Funnel;01.04.2020 09:00:00
LIC-234;In Progress;04.03.2020 16:00:00
LIC-234;Funnel;04.03.2020 12:24:06
LIC-234;In Progress;02.03.2020 12:38:01
LIC-233;Created;29.01.2020 12:46:17
LIC-233;Released;12.05.2020 15:34:54
LIC-233;Done;24.03.2020 11:53:00
LIC-233;In Progress;19.03.2020 12:52:54
LIC-233;Funnel;06.03.2020 11:45:57
LIC-233;In Progress;25.02.2020 08:00:00
LIC-233;Funnel;24.02.2020 16:00:00
LIC-233;In Progress;21.02.2020 12:35:02
LIC-233;Funnel;17.02.2020 12:06:56
LIC-233;In Progress;12.02.2020 14:41:06
LIC-233;Funnel;03.02.2020 08:00:00
LIC-233;In Progress;31.01.2020 08:00:00
LIC-232;Created;05.03.2020 12:25:14
LIC-232;Done;12.05.2020 15:34:54
LIC-232;Done;29.04.2020 17:00:00
LIC-232;Funnel;28.04.2020 09:00:00
LIC-232;In Progress;27.04.2020 16:00:00
LIC-232;Funnel;27.04.2020 09:00:00
LIC-232;In Progress;15.04.2020 13:09:20
LIC-232;Funnel;30.03.2020 13:57:42
LIC-232;In Progress;30.03.2020 09:00:00
LIC-231;Created;07.02.2020 08:12:39
LIC-231;Done;12.05.2020 15:34:54
LIC-231;Done;20.03.2020 12:37:45
LIC-231;Funnel;06.03.2020 08:00:00
LIC-231;In Progress;18.02.2020 11:49:03
LIC-231;Funnel;18.02.2020 08:00:00
LIC-231;In Progress;14.02.2020 12:41:39
LIC-230;Created;09.04.2020 12:50:54
LIC-229;Created;21.01.2020 15:18:22
LIC-229;Released;12.05.2020 15:34:54
LIC-229;Done;25.02.2020 15:30:00
LIC-229;In Progress;14.02.2020 08:00:00
LIC-229;Funnel;24.01.2020 08:00:00
LIC-229;In Progress;21.01.2020 12:29:12
LIC-228;Created;09.04.2020 15:45:00
LIC-227;Created;07.05.2020 13:58:24
LIC-226;Created;28.01.2020 08:51:16
LIC-226;Released;12.05.2020 15:34:54
LIC-226;Done;27.02.2020 16:00:00
LIC-226;In Progress;18.02.2020 11:43:00
LIC-226;Funnel;13.02.2020 16:00:00
LIC-226;In Progress;13.02.2020 12:32:46
LIC-226;Funnel;10.02.2020 12:21:34
LIC-226;In Progress;28.01.2020 08:00:00
LIC-225;Created;25.03.2020 11:02:49
LIC-225;Funnel;15.04.2020 15:00:00
LIC-225;In Progress;15.04.2020 12:41:29
LIC-224;Created;20.03.2020 11:29:02
LIC-224;Released;12.05.2020 15:34:54
LIC-224;Done;20.04.2020 13:30:59
LIC-224;Funnel;20.04.2020 09:00:00
LIC-224;In Progress;17.04.2020 13:43:05
LIC-223;Created;17.01.2020 08:03:45
LIC-223;Done;12.05.2020 15:34:54
LIC-223;Done;24.01.2020 12:08:41
LIC-223;In Progress;22.01.2020 08:00:00
LIC-223;Funnel;21.01.2020 16:00:00
LIC-223;Funnel;21.01.2020 15:39:08
LIC-223;In Progress;21.01.2020 15:39:08
LIC-223;In Progress;17.01.2020 08:00:00
LIC-222;Created;26.02.2020 12:24:34
LIC-222;Released;12.05.2020 15:34:54
LIC-222;Done;08.04.2020 13:47:28
LIC-222;In Progress;02.04.2020 12:19:49
LIC-222;Funnel;27.03.2020 14:30:00
LIC-222;In Progress;24.03.2020 08:00:00
LIC-222;Funnel;23.03.2020 14:19:27
LIC-222;In Progress;23.03.2020 08:00:00
LIC-221;Created;17.02.2020 12:21:05
LIC-221;Funnel;12.05.2020 15:34:54
LIC-221;Funnel;27.04.2020 12:29:53
LIC-221;Done;19.03.2020 10:49:57
LIC-221;In Progress;16.03.2020 14:52:31
LIC-221;Funnel;24.02.2020 15:30:00
LIC-221;In Progress;20.02.2020 11:43:53
LIC-220;Created;15.04.2020 13:29:10
LIC-219;Created;27.01.2020 14:16:28
LIC-219;Released;12.05.2020 15:34:54
LIC-219;Done;09.03.2020 12:04:51
LIC-219;Funnel;21.02.2020 12:22:17
LIC-219;In Progress;21.02.2020 11:48:45
LIC-219;In Progress;11.02.2020 08:00:00
LIC-219;Funnel;10.02.2020 13:00:00
LIC-219;Funnel;10.02.2020 12:29:32
LIC-219;In Progress;10.02.2020 10:45:00
LIC-219;In Progress;27.01.2020 12:12:11
LIC-218;Created;21.02.2020 15:53:46
LIC-218;Released;12.05.2020 15:34:54
LIC-218;Done;02.04.2020 12:45:15
LIC-218;In Progress;02.04.2020 09:00:00
LIC-218;Funnel;23.03.2020 14:56:07
LIC-218;Done;19.03.2020 12:48:19
LIC-218;In Progress;18.03.2020 08:00:00
LIC-218;Funnel;09.03.2020 08:00:00
LIC-218;In Progress;06.03.2020 11:21:50
LIC-217;Created;11.03.2020 14:23:07
LIC-217;Funnel;11.05.2020 13:01:13
LIC-217;In Progress;27.04.2020 16:23:40
LIC-217;Funnel;27.04.2020 09:00:00
LIC-217;In Progress;22.04.2020 14:00:00
LIC-217;Funnel;22.04.2020 11:49:25
LIC-217;In Progress;16.04.2020 13:26:18
LIC-216;Created;02.03.2020 08:55:07
LIC-216;Funnel;07.05.2020 14:00:00
LIC-216;In Progress;01.05.2020 09:00:00
LIC-216;Funnel;28.04.2020 17:00:00
LIC-216;In Progress;23.04.2020 16:29:12
LIC-216;Funnel;09.04.2020 16:30:00
LIC-216;In Progress;09.04.2020 13:57:41
LIC-215;Created;01.05.2020 15:41:20
LIC-214;Created;17.04.2020 14:03:32
LIC-213;Created;14.02.2020 12:44:18
LIC-213;Released;12.05.2020 15:34:54
LIC-213;Done;08.04.2020 12:37:11
LIC-213;In Progress;08.04.2020 09:00:00
LIC-213;Funnel;03.04.2020 12:56:29
LIC-213;Done;19.03.2020 16:00:00
LIC-213;In Progress;17.03.2020 08:00:00
LIC-213;Funnel;05.03.2020 08:00:00
LIC-213;In Progress;04.03.2020 14:41:45
LIC-212;Created;10.03.2020 11:58:59
LIC-212;Funnel;17.03.2020 11:56:45
LIC-212;In Progress;10.03.2020 12:19:41
LIC-211;Created;05.02.2020 11:13:08
LIC-211;Released;12.05.2020 15:34:54
LIC-211;Done;10.03.2020 11:37:32
LIC-211;Funnel;25.02.2020 12:00:26
LIC-211;In Progress;24.02.2020 13:20:28
LIC-211;Funnel;19.02.2020 14:25:26
LIC-211;In Progress;13.02.2020 15:50:30
LIC-210;Created;28.01.2020 13:11:14
LIC-210;Released;12.05.2020 15:34:54
LIC-210;Done;20.02.2020 16:00:00
LIC-210;In Progress;19.02.2020 14:50:03
LIC-210;Funnel;10.02.2020 15:32:38
LIC-210;In Progress;10.02.2020 08:00:00
LIC-210;Funnel;03.02.2020 12:51:48
LIC-210;In Progress;29.01.2020 11:36:17
LIC-209;Created;31.03.2020 14:31:57
LIC-208;Created;19.02.2020 14:41:10
LIC-208;Released;12.05.2020 15:34:54
LIC-208;Done;24.02.2020 10:30:05
LIC-208;In Progress;24.02.2020 08:00:00
LIC-207;Created;10.04.2020 12:45:46
LIC-207;Funnel;11.05.2020 12:38:08
LIC-207;In Progress;07.05.2020 09:00:00
LIC-207;Funnel;05.05.2020 13:28:32
LIC-207;In Progress;05.05.2020 09:00:00
LIC-206;Created;03.04.2020 12:56:29
LIC-206;In Progress;06.05.2020 09:00:00
LIC-206;Funnel;28.04.2020 09:00:00
LIC-206;In Progress;27.04.2020 09:00:00
LIC-205;Created;21.02.2020 13:24:49
LIC-205;Funnel;12.05.2020 15:34:54
LIC-205;Funnel;27.04.2020 14:17:25
LIC-205;Done;16.04.2020 17:00:00
LIC-205;In Progress;06.04.2020 09:00:00
LIC-205;Funnel;02.04.2020 13:22:20
LIC-205;In Progress;01.04.2020 16:51:04
LIC-204;Created;06.04.2020 16:48:27
LIC-203;Created;07.02.2020 12:31:07
LIC-203;Done;12.05.2020 15:34:54
LIC-203;Done;19.03.2020 12:52:33
LIC-203;In Progress;12.03.2020 12:31:57
LIC-203;Funnel;12.02.2020 15:11:18
LIC-203;In Progress;10.02.2020 08:00:00
LIC-202;Created;27.02.2020 09:44:49
LIC-202;Released;12.05.2020 15:34:54
LIC-202;Done;15.04.2020 15:58:46
LIC-202;In Progress;15.04.2020 11:31:41
LIC-202;Funnel;13.04.2020 14:32:00
LIC-202;Done;26.03.2020 16:00:00
LIC-202;In Progress;24.03.2020 08:00:00
LIC-201;Created;21.04.2020 15:26:48
LIC-200;Created;17.01.2020 14:18:59
LIC-200;Done;12.05.2020 15:34:54
LIC-200;Done;22.01.2020 12:25:32
LIC-200;Funnel;22.01.2020 09:57:00
LIC-200;In Progress;22.01.2020 08:00:00
LIC-200;Done;20.01.2020 12:52:25
LIC-200;Funnel;20.01.2020 08:00:00
LIC-200;In Progress;17.01.2020 12:18:01
LIC-199;Created;22.01.2020 13:52:13
LIC-199;Done;12.05.2020 15:34:54
LIC-199;Done;14.02.2020 15:00:00
LIC-199;In Progress;14.02.2020 12:16:15
LIC-199;Funnel;13.02.2020 14:30:00
LIC-199;In Progress;12.02.2020 12:35:50
LIC-199;Funnel;11.02.2020 08:00:00
LIC-199;In Progress;07.02.2020 12:18:01
LIC-199;Funnel;27.01.2020 08:00:00
LIC-199;In Progress;22.01.2020 12:58:11
LIC-198;Created;14.02.2020 10:55:25
LIC-198;Done;12.05.2020 15:34:54
LIC-198;Done;26.03.2020 12:19:59
LIC-198;Funnel;12.03.2020 08:00:00
LIC-198;In Progress;09.03.2020 14:30:00
LIC-198;Funnel;09.03.2020 11:54:15
LIC-198;In Progress;24.02.2020 10:56:03
LIC-197;Created;08.05.2020 15:35:32
LIC-196;Created;10.04.2020 10:26:35
LIC-196;In Progress;07.05.2020 13:19:24
LIC-196;Funnel;28.04.2020 13:23:08
LIC-196;In Progress;27.04.2020 16:23:40
LIC-195;Created;31.03.2020 11:25:22
LIC-195;In Progress;07.05.2020 13:00:51
LIC-195;Funnel;31.03.2020 16:30:00
LIC-195;In Progress;31.03.2020 09:00:00
LIC-194;Created;06.04.2020 11:46:07
LIC-193;Created;07.05.2020 16:10:26
LIC-192;Created;29.04.2020 09:03:30
LIC-191;Created;30.01.2020 11:58:17
LIC-191;Released;12.05.2020 15:34:54
LIC-191;Done;18.02.2020 15:00:11
LIC-191;Funnel;18.02.2020 12:44:38
LIC-191;In Progress;14.02.2020 14:30:00
LIC-191;Funnel;13.02.2020 12:34:41
LIC-191;In Progress;31.01.2020 08:00:00
LIC-190;Created;10.04.2020 16:28:51
LIC-189;Created;25.03.2020 13:30:20
LIC-188;Created;21.04.2020 12:20:59
LIC-187;Created;31.01.2020 13:06:19
LIC-187;Released;12.05.2020 15:34:54
LIC-187;Done;24.03.2020 11:05:39
LIC-187;In Progress;24.03.2020 08:00:00
LIC-187;Funnel;24.02.2020 10:24:59
LIC-187;Done;21.02.2020 12:35:02
LIC-187;In Progress;14.02.2020 08:00:00
LIC-187;Funnel;10.02.2020 12:41:41
LIC-187;In Progress;07.02.2020 08:00:00
LIC-186;Created;15.01.2020 11:06:21
LIC-186;Done;12.05.2020 15:34:54
LIC-186;Done;17.02.2020 16:00:00
LIC-186;Funnel;17.02.2020 08:00:00
LIC-186;In Progress;14.02.2020 12:41:39
LIC-186;Funnel;13.02.2020 08:00:00
LIC-186;In Progress;11.02.2020 16:00:00
LIC-186;Funnel;11.02.2020 15:46:12
LIC-186;In Progress;11.02.2020 15:00:00
LIC-186;Funnel;07.02.2020 12:18:01
LIC-186;Funnel;15.01.2020 11:39:07
LIC-186;In Progress;15.01.2020 08:00:00
LIC-186;In Progress;15.01.2020 08:00:00
LIC-185;Created;06.02.2020 08:22:51
LIC-185;Released;12.05.2020 15:34:54
LIC-185;Done;06.03.2020 11:21:50
LIC-185;In Progress;24.02.2020 11:38:13
LIC-185;Funnel;06.02.2020 15:28:59
LIC-185;In Progress;06.02.2020 12:03:42
LIC-184;Created;27.04.2020 10:31:11
LIC-183;Created;20.03.2020 15:23:46
LIC-183;Funnel;21.04.2020 12:19:50
LIC-183;In Progress;16.04.2020 09:00:00
LIC-183;Funnel;14.04.2020 09:00:00
LIC-183;In Progress;10.04.2020 15:14:00
LIC-182;Created;18.02.2020 14:53:47
LIC-182;Done;12.05.2020 15:34:54
LIC-182;Done;15.04.2020 17:00:00
LIC-182;In Progress;15.04.2020 12:59:14
LIC-182;Funnel;02.04.2020 13:17:15
LIC-182;In Progress;02.04.2020 09:00:00
LIC-182;Funnel;26.03.2020 12:21:03
LIC-182;In Progress;24.03.2020 12:57:27
LIC-181;Created;10.03.2020 15:53:15
LIC-181;Funnel;23.04.2020 16:30:00
LIC-181;In Progress;23.04.2020 09:00:00
LIC-181;Funnel;20.04.2020 17:00:00
LIC-181;In Progress;20.04.2020 09:00:00
LIC-181;Funnel;09.04.2020 12:44:19
LIC-181;In Progress;09.04.2020 09:00:00
LIC-180;Created;23.03.2020 12:19:04
LIC-180;Funnel;30.04.2020 16:30:00
LIC-180;In Progress;28.04.2020 09:00:00
LIC-180;Funnel;21.04.2020 13:25:13
LIC-180;In Progress;20.04.2020 12:12:36
LIC-179;Created;13.01.2020 15:57:23
LIC-179;Released;12.05.2020 15:34:54
LIC-179;Done;20.01.2020 16:00:00
LIC-179;Funnel;16.01.2020 08:00:00
LIC-179;Funnel;13.01.2020 15:59:26
LIC-179;In Progress;13.01.2020 15:59:26
LIC-179;In Progress;13.01.2020 12:30:25
LIC-178;Created;06.03.2020 13:39:59
LIC-178;Released;12.05.2020 15:34:54
LIC-178;Done;06.04.2020 13:19:57
LIC-178;In Progress;30.03.2020 16:41:06
LIC-178;Funnel;27.03.2020 15:51:34
LIC-178;In Progress;27.03.2020 08:00:00
LIC-177;Created;23.04.2020 13:07:55
LIC-176;Created;02.04.2020 13:25:57
LIC-176;Funnel;08.05.2020 12:33:47
LIC-176;In Progress;07.05.2020 13:19:24
LIC-176;Funnel;01.05.2020 13:35:10
LIC-176;In Progress;30.04.2020 09:00:00
LIC-175;Created;04.05.2020 12:40:25
LIC-174;Created;02.03.2020 11:33:35
LIC-174;In Progress;07.05.2020 09:00:00
LIC-174;Funnel;24.04.2020 15:30:00
LIC-174;In Progress;24.04.2020 13:32:10
LIC-173;Created;25.03.2020 14:52:24
LIC-172;Created;21.04.2020 09:53:02
LIC-171;Created;01.05.2020 09:14:16
LIC-170;Created;21.01.2020 09:36:10
LIC-170;Released;12.05.2020 15:34:54
LIC-170;Done;24.02.2020 16:00:00
LIC-170;In Progress;24.02.2020 12:45:59
LIC-170;Funnel;19.02.2020 14:41:10
LIC-170;Done;10.02.2020 14:30:00
LIC-170;Funnel;06.02.2020 12:21:55
LIC-170;In Progress;28.01.2020 12:36:05
LIC-170;Funnel;24.01.2020 12:21:46
LIC-170;In Progress;21.01.2020 08:00:00
LIC-169;Created;13.03.2020 13:23:38
LIC-168;Created;08.05.2020 10:11:21
LIC-167;Created;07.02.2020 10:31:31
LIC-167;Done;12.05.2020 15:34:54
LIC-167;Done;09.04.2020 13:04:15
LIC-167;Funnel;09.04.2020 10:07:37
LIC-167;In Progress;09.04.2020 09:00:00
LIC-167;Done;23.03.2020 14:19:27
LIC-167;In Progress;17.03.2020 08:00:00
LIC-167;Funnel;09.03.2020 08:00:00
LIC-167;In Progress;27.02.2020 12:04:24
LIC-166;Created;28.01.2020 14:41:49
LIC-166;Released;12.05.2020 15:34:54
LIC-166;Done;26.02.2020 12:25:00
LIC-166;In Progress;21.02.2020 12:40:31
LIC-166;Funnel;07.02.2020 16:00:00
LIC-166;In Progress;07.02.2020 11:45:43
LIC-166;Funnel;04.02.2020 11:25:27
LIC-166;In Progress;31.01.2020 08:00:00
LIC-166;Funnel;30.01.2020 15:57:49
LIC-166;In Progress;28.01.2020 12:28:33
LIC-165;Created;07.04.2020 11:29:03
LIC-164;Created;17.03.2020 12:04:46
LIC-164;Released;12.05.2020 15:34:54
LIC-164;Done;08.05.2020 16:30:00
LIC-164;In Progress;08.05.2020 13:58:58
LIC-164;Funnel;06.05.2020 17:00:00
LIC-164;In Progress;20.04.2020 16:37:38
LIC-164;Funnel;10.04.2020 13:13:55
LIC-164;In Progress;20.03.2020 15:00:00
LIC-164;Funnel;20.03.2020 12:39:42
LIC-164;In Progress;20.03.2020 08:00:00
LIC-163;Created;29.04.2020 16:50:07
LIC-162;Created;17.01.2020 15:35:48
LIC-162;Done;12.05.2020 15:34:54
LIC-162;Done;04.02.2020 11:56:17
LIC-162;In Progress;27.01.2020 11:53:17
LIC-162;Funnel;27.01.2020 08:00:00
LIC-162;In Progress;17.01.2020 12:06:54
LIC-161;Created;08.05.2020 11:49:45
LIC-160;Created;30.03.2020 13:32:00
LIC-159;Created;24.01.2020 11:06:49
LIC-159;Released;12.05.2020 15:34:54
LIC-159;Done;10.02.2020 15:15:43
LIC-159;Funnel;10.02.2020 08:00:00
LIC-159;In Progress;24.01.2020 11:31:22
LIC-158;Created;20.02.2020 13:55:32
LIC-158;Released;12.05.2020 15:34:54
LIC-158;Done;27.03.2020 16:00:00
LIC-158;In Progress;27.03.2020 08:00:00
LIC-158;Funnel;18.03.2020 11:39:30
LIC-158;In Progress;17.03.2020 08:00:00
LIC-157;Created;14.04.2020 10:43:52
LIC-156;Created;17.01.2020 11:10:54
LIC-156;Released;12.05.2020 15:34:54
LIC-156;Done;13.03.2020 12:53:18
LIC-156;In Progress;13.03.2020 08:00:00
LIC-156;Funnel;06.03.2020 15:07:04
LIC-156;Done;20.02.2020 16:00:00
LIC-156;Funnel;18.02.2020 08:00:00
LIC-156;In Progress;17.02.2020 16:00:00
LIC-156;Funnel;17.02.2020 12:06:56
LIC-156;In Progress;05.02.2020 12:33:03
LIC-156;In Progress;28.01.2020 11:25:40
LIC-156;Funnel;28.01.2020 08:00:00
LIC-156;In Progress;27.01.2020 12:59:14
LIC-156;Funnel;27.01.2020 12:33:32
LIC-156;In Progress;21.01.2020 11:52:48
LIC-156;Funnel;21.01.2020 08:00:00
LIC-156;Funnel;20.01.2020 11:40:26
LIC-156;Funnel;17.01.2020 12:06:54
LIC-156;In Progress;17.01.2020 08:00:00
LIC-156;In Progress;17.01.2020 08:00:00
LIC-155;Created;23.04.2020 15:50:56
LIC-154;Created;09.03.2020 08:32:55
LIC-154;Funnel;28.04.2020 16:30:00
LIC-154;In Progress;23.04.2020 09:00:00
LIC-153;Created;12.03.2020 12:53:30
LIC-152;Created;31.01.2020 10:47:46
LIC-152;Funnel;16.04.2020 13:26:18
LIC-152;In Progress;10.04.2020 11:28:21
LIC-152;Funnel;30.03.2020 13:40:48
LIC-152;In Progress;24.03.2020 12:22:45
LIC-152;Funnel;13.03.2020 14:30:00
LIC-152;In Progress;20.02.2020 12:23:57
LIC-152;Funnel;20.02.2020 11:43:53
LIC-152;In Progress;17.02.2020 08:00:00
LIC-152;Funnel;13.02.2020 12:34:41
LIC-152;In Progress;10.02.2020 12:13:24
LIC-152;Funnel;06.02.2020 16:00:00
LIC-152;In Progress;06.02.2020 15:28:59
LIC-152;Funnel;04.02.2020 12:45:35
LIC-152;In Progress;04.02.2020 08:00:00
LIC-151;Created;06.03.2020 10:00:27
LIC-151;Done;12.05.2020 15:34:54
LIC-151;Done;09.04.2020 13:58:52
LIC-151;In Progress;08.04.2020 09:00:00
LIC-151;Funnel;01.04.2020 13:12:43
LIC-151;In Progress;01.04.2020 09:00:00
LIC-150;Created;04.03.2020 08:08:15
LIC-150;In Progress;21.04.2020 12:19:50
LIC-150;Funnel;20.04.2020 13:33:35
LIC-150;In Progress;17.04.2020 13:37:47
LIC-150;Funnel;06.04.2020 16:30:00
LIC-150;In Progress;06.04.2020 13:36:57
LIC-149;Created;24.02.2020 10:24:59
LIC-149;Done;12.05.2020 15:34:53
LIC-149;Done;11.05.2020 14:00:00
LIC-149;Funnel;11.05.2020 13:57:47
LIC-149;In Progress;11.05.2020 12:42:57
LIC-149;Done;29.04.2020 16:30:00
LIC-149;In Progress;27.04.2020 16:21:23
LIC-149;Funnel;23.04.2020 16:30:00
LIC-149;In Progress;23.04.2020 13:32:05
LIC-149;Funnel;16.04.2020 12:43:45
LIC-149;In Progress;13.04.2020 13:36:08
LIC-149;Funnel;03.04.2020 14:00:00
LIC-149;In Progress;03.04.2020 12:14:16
LIC-148;Created;06.03.2020 11:56:11
LIC-148;In Progress;11.05.2020 09:00:00
LIC-147;Created;13.04.2020 10:36:08
LIC-146;Created;13.01.2020 12:56:12
LIC-146;Released;12.05.2020 15:34:54
LIC-146;Done;06.02.2020 16:00:00
LIC-146;In Progress;31.01.2020 08:00:00
LIC-146;Funnel;28.01.2020 15:30:00
LIC-146;In Progress;16.01.2020 14:54:01
LIC-146;Funnel;16.01.2020 08:00:00
LIC-146;In Progress;13.01.2020 08:00:00
LIC-145;Created;06.05.2020 09:09:44
LIC-144;Created;28.02.2020 09:13:53
LIC-144;Released;12.05.2020 15:34:54
LIC-144;Done;12.05.2020 13:55:43
LIC-144;Funnel;28.04.2020 13:21:18
LIC-144;In Progress;23.04.2020 13:37:43
LIC-143;Created;27.02.2020 12:08:42
LIC-143;Released;12.05.2020 15:34:53
LIC-143;Done;27.03.2020 12:29:37
LIC-143;Funnel;27.03.2020 08:00:00
LIC-143;In Progress;20.03.2020 08:00:00
LIC-143;Funnel;09.03.2020 12:06:58
LIC-143;In Progress;02.03.2020 08:00:00
LIC-142;Created;20.01.2020 13:01:24
LIC-142;Released;12.05.2020 15:34:53
LIC-142;Done;19.02.2020 14:30:00
LIC-142;In Progress;19.02.2020 12:38:05
LIC-142;Funnel;19.02.2020 09:08:38
LIC-142;Done;10.02.2020 10:45:00
LIC-142;In Progress;24.01.2020 12:05:24
LIC-142;Funnel;24.01.2020 08:00:00
LIC-142;Funnel;21.01.2020 10:39:16
LIC-142;In Progress;20.01.2020 12:40:27
LIC-141;Created;05.05.2020 09:17:05
LIC-140;Created;28.04.2020 10:10:21
LIC-139;Created;21.01.2020 12:38:41
LIC-139;Done;12.05.2020 15:34:53
LIC-139;Done;17.03.2020 15:00:00
LIC-139;Funnel;17.03.2020 11:59:00
LIC-139;In Progress;24.02.2020 15:30:00
LIC-139;Funnel;20.02.2020 14:43:08
LIC-139;In Progress;20.02.2020 13:00:00
LIC-139;Funnel;07.02.2020 08:00:00
LIC-139;In Progress;06.02.2020 12:03:42
LIC-139;In Progress;05.02.2020 15:00:00
LIC-139;Funnel;05.02.2020 12:33:03
LIC-139;Funnel;24.01.2020 08:00:00
LIC-139;In Progress;21.01.2020 11:46:43
LIC-138;Created;10.02.2020 13:18:22
LIC-138;Done;12.05.2020 15:34:53
LIC-138;Done;07.04.2020 13:09:39
LIC-138;In Progress;06.04.2020 09:00:00
LIC-138;Funnel;20.03.2020 15:20:16
LIC-138;In Progress;10.03.2020 12:13:25
LIC-138;Funnel;09.03.2020 08:00:00
LIC-138;In Progress;27.02.2020 08:00:00
LIC-137;Created;27.03.2020 09:49:18
LIC-137;In Progress;07.05.2020 13:29:14
LIC-137;Funnel;06.05.2020 13:51:00
LIC-137;In Progress;05.05.2020 13:32:14
LIC-136;Created;17.02.2020 15:31:21
LIC-136;Released;12.05.2020 15:34:53
LIC-136;Done;25.03.2020 13:00:00
LIC-136;Funnel;24.03.2020 12:22:45
LIC-136;In Progress;24.03.2020 11:53:00
LIC-136;In Progress;16.03.2020 15:07:20
LIC-136;Funnel;12.03.2020 16:00:00
LIC-136;In Progress;10.03.2020 14:36:27
LIC-136;Funnel;05.03.2020 08:00:00
LIC-136;In Progress;02.03.2020 15:48:38
LIC-135;Created;15.04.2020 16:51:40
LIC-134;Created;19.03.2020 12:01:18
LIC-134;Released;12.05.2020 15:34:53
LIC-134;Done;06.05.2020 13:36:59
LIC-134;In Progress;10.04.2020 13:11:49
LIC-134;Funnel;06.04.2020 13:41:34
LIC-134;In Progress;03.04.2020 16:16:55
LIC-133;Created;27.01.2020 11:08:47
LIC-133;Done;12.05.2020 15:34:53
LIC-133;Done;21.02.2020 12:40:31
LIC-133;In Progress;21.02.2020 08:00:00
LIC-133;Funnel;17.02.2020 12:59:38
LIC-133;In Progress;11.02.2020 08:00:00
LIC-133;Funnel;10.02.2020 15:32:38
LIC-133;In Progress;30.01.2020 08:00:00
LIC-133;Funnel;29.01.2020 11:36:17
LIC-133;In Progress;28.01.2020 08:00:00
LIC-133;Funnel;27.01.2020 11:43:52
LIC-133;In Progress;27.01.2020 08:00:00
LIC-132;Created;26.03.2020 08:12:05
LIC-132;In Progress;08.05.2020 12:59:40
LIC-132;Funnel;07.05.2020 16:00:00
LIC-132;In Progress;07.05.2020 09:00:00
LIC-132;Funnel;28.04.2020 12:10:28
LIC-132;In Progress;22.04.2020 09:00:00
LIC-132;Funnel;16.04.2020 09:00:00
LIC-132;In Progress;07.04.2020 13:09:39
LIC-131;Created;21.02.2020 10:38:51
LIC-131;Released;12.05.2020 15:34:53
LIC-131;Done;17.04.2020 13:24:27
LIC-131;Funnel;10.04.2020 13:43:19
LIC-131;In Progress;03.04.2020 13:30:48
LIC-131;Funnel;02.04.2020 09:00:00
LIC-131;In Progress;26.03.2020 15:30:00
LIC-131;Funnel;24.03.2020 15:11:10
LIC-131;In Progress;23.03.2020 08:00:00
LIC-130;Created;23.03.2020 09:16:35
LIC-130;In Progress;04.05.2020 09:00:00
LIC-129;Created;18.03.2020 13:10:33
LIC-129;In Progress;29.04.2020 13:44:14
LIC-129;Funnel;21.04.2020 12:07:10
LIC-129;In Progress;13.04.2020 14:58:24
LIC-129;Funnel;13.04.2020 09:00:00
LIC-129;In Progress;10.04.2020 09:00:00
LIC-128;Created;28.04.2020 12:23:50
LIC-127;Created;12.02.2020 12:59:47
LIC-127;Released;12.05.2020 15:34:53
LIC-127;Done;31.03.2020 13:22:55
LIC-127;Funnel;31.03.2020 09:00:00
LIC-127;In Progress;20.03.2020 11:07:50
LIC-127;Funnel;27.02.2020 11:05:03
LIC-127;In Progress;25.02.2020 14:30:00
LIC-127;Funnel;25.02.2020 12:45:57
LIC-127;In Progress;25.02.2020 08:00:00
LIC-126;Created;01.05.2020 13:17:43
LIC-126;In Progress;11.05.2020 09:00:00
LIC-126;Funnel;01.05.2020 13:41:28
LIC-126;In Progress;01.05.2020 09:00:00
LIC-125;Created;06.05.2020 12:13:21
LIC-124;Created;14.02.2020 08:37:02
LIC-124;Done;12.05.2020 15:34:53
LIC-124;Done;10.04.2020 13:43:19
LIC-124;In Progress;10.04.2020 09:00:00
LIC-124;Funnel;30.03.2020 16:30:13
LIC-124;Done;30.03.2020 13:18:01
LIC-124;Funnel;05.03.2020 12:39:38
LIC-124;In Progress;04.03.2020 11:21:15
LIC-124;Funnel;04.03.2020 08:00:00
LIC-124;In Progress;25.02.2020 12:33:25
LIC-123;Created;18.03.2020 09:06:39
LIC-123;In Progress;05.05.2020 09:00:00
LIC-123;Funnel;29.04.2020 09:00:00
LIC-123;In Progress;27.04.2020 09:00:00
LIC-122;Created;25.02.2020 14:30:38
LIC-122;Done;12.05.2020 15:34:53
LIC-122;Done;22.04.2020 17:00:00
LIC-122;In Progress;21.04.2020 09:00:00
LIC-122;Funnel;18.03.2020 08:00:00
LIC-122;In Progress;17.03.2020 10:59:17
LIC-121;Created;13.01.2020 10:29:31
LIC-121;Done;12.05.2020 15:34:53
LIC-121;Done;24.01.2020 12:54:45
LIC-121;In Progress;23.01.2020 13:00:00
LIC-121;Funnel;23.01.2020 11:26:04
LIC-121;In Progress;14.01.2020 10:30:56
LIC-121;Funnel;14.01.2020 08:00:00
LIC-121;Funnel;13.01.2020 14:21:58
LIC-121;In Progress;13.01.2020 08:00:00
LIC-120;Created;12.02.2020 10:10:55
LIC-120;Done;12.05.2020 15:34:53
LIC-120;Done;02.04.2020 12:19:49
LIC-120;In Progress;02.04.2020 09:00:00
LIC-120;Funnel;25.03.2020 13:30:20
LIC-120;Done;24.03.2020 12:43:34
LIC-120;Funnel;13.03.2020 08:00:00
LIC-120;In Progress;06.03.2020 14:52:26
LIC-119;Created;27.02.2020 14:43:17
LIC-119;In Progress;08.05.2020 12:01:34
LIC-119;Funnel;07.04.2020 13:15:50
LIC-119;In Progress;06.04.2020 13:18:55
LIC-118;Created;29.01.2020 15:13:30
LIC-118;Done;12.05.2020 15:34:53
LIC-118;Done;20.02.2020 12:23:57
LIC-118;Funnel;20.02.2020 10:43:57
LIC-118;In Progress;20.02.2020 08:00:00
LIC-118;Done;19.02.2020 12:36:02
LIC-118;In Progress;19.02.2020 08:00:00
LIC-118;Funnel;05.02.2020 08:00:00
LIC-118;In Progress;03.02.2020 12:06:02
LIC-117;Created;07.05.2020 10:15:34
LIC-116;Created;30.01.2020 14:24:36
LIC-116;Done;12.05.2020 15:34:53
LIC-116;Done;03.03.2020 16:00:00
LIC-116;In Progress;26.02.2020 08:00:00
LIC-116;Funnel;24.02.2020 11:49:34
LIC-116;In Progress;12.02.2020 12:50:58
LIC-116;Funnel;11.02.2020 08:00:00
LIC-116;In Progress;31.01.2020 08:00:00
LIC-115;Created;25.02.2020 15:55:06
LIC-115;Done;12.05.2020 15:34:53
LIC-115;Done;19.03.2020 15:30:00
LIC-115;In Progress;10.03.2020 08:00:00
LIC-115;Funnel;09.03.2020 08:00:00
LIC-115;In Progress;06.03.2020 12:23:11
LIC-114;Created;04.02.2020 08:38:12
LIC-114;Done;12.05.2020 15:34:52
LIC-114;Done;14.02.2020 14:57:55
LIC-114;In Progress;12.02.2020 12:19:56
LIC-114;Funnel;07.02.2020 16:00:00
LIC-114;In Progress;07.02.2020 12:50:49
LIC-114;Funnel;05.02.2020 16:00:00
LIC-114;In Progress;04.02.2020 15:33:43
LIC-113;Created;06.03.2020 15:07:04
LIC-113;In Progress;05.05.2020 17:00:00
LIC-113;Funnel;21.04.2020 13:24:37
LIC-113;In Progress;17.04.2020 16:30:00
LIC-113;Funnel;17.04.2020 12:28:46
LIC-113;In Progress;03.04.2020 17:00:00
LIC-113;Funnel;31.03.2020 13:13:03
LIC-113;In Progress;30.03.2020 13:40:48
LIC-112;Created;10.04.2020 14:43:20
LIC-111;Created;11.02.2020 13:56:54
LIC-111;Released;12.05.2020 15:34:53
LIC-111;Done;01.04.2020 13:12:40
LIC-111;In Progress;01.04.2020 09:00:00
LIC-111;Funnel;31.03.2020 11:25:22
LIC-111;Done;27.03.2020 14:00:00
LIC-111;In Progress;27.03.2020 11:14:53
LIC-111;Funnel;20.03.2020 13:33:43
LIC-111;Done;17.03.2020 12:59:29
LIC-111;In Progress;13.03.2020 15:54:50
LIC-111;Funnel;12.03.2020 12:02:38
LIC-111;In Progress;11.03.2020 15:09:14
LIC-111;Funnel;05.03.2020 12:43:34
LIC-111;In Progress;21.02.2020 12:57:16
LIC-111;Funnel;21.02.2020 08:00:00
LIC-111;In Progress;20.02.2020 12:18:13
LIC-110;Created;22.01.2020 15:22:25
LIC-110;Done;12.05.2020 15:34:53
LIC-110;Done;30.01.2020 11:56:49
LIC-110;In Progress;30.01.2020 08:00:00
LIC-110;Funnel;29.01.2020 15:13:30
LIC-110;Done;24.01.2020 12:51:26
LIC-110;Funnel;24.01.2020 11:31:22
LIC-110;In Progress;24.01.2020 08:00:00
LIC-110;In Progress;22.01.2020 12:08:18
LIC-109;Created;11.02.2020 10:21:51
LIC-109;Done;12.05.2020 15:34:53
LIC-109;Done;01.04.2020 13:37:31
LIC-109;In Progress;30.03.2020 09:00:00
LIC-109;Funnel;25.03.2020 16:00:00
LIC-109;In Progress;23.03.2020 08:00:00
LIC-109;Funnel;12.03.2020 10:59:31
LIC-109;In Progress;12.03.2020 08:00:00
LIC-109;Funnel;02.03.2020 08:00:00
LIC-109;In Progress;27.02.2020 08:00:00
LIC-108;Created;04.02.2020 11:32:38
LIC-108;Done;12.05.2020 15:34:53
LIC-108;Done;17.04.2020 17:00:00
LIC-108;In Progress;01.04.2020 13:37:31
LIC-108;Funnel;26.03.2020 16:00:00
LIC-108;In Progress;09.03.2020 08:00:00
LIC-108;Funnel;28.02.2020 15:30:00
LIC-108;In Progress;28.02.2020 08:00:00
LIC-108;Funnel;13.02.2020 16:00:00
LIC-108;In Progress;13.02.2020 14:50:35
LIC-107;Created;08.04.2020 10:11:01
LIC-107;In Progress;05.05.2020 09:00:00
LIC-107;Funnel;28.04.2020 13:13:50
LIC-107;In Progress;27.04.2020 13:27:56
LIC-106;Created;10.02.2020 15:43:22
LIC-106;Done;12.05.2020 15:34:53
LIC-106;Done;05.03.2020 16:00:00
LIC-106;In Progress;28.02.2020 08:00:00
LIC-106;Funnel;26.02.2020 08:00:00
LIC-106;In Progress;24.02.2020 16:00:00
LIC-106;Funnel;20.02.2020 08:00:00
LIC-106;In Progress;14.02.2020 11:34:29
LIC-105;Created;05.03.2020 10:07:04
LIC-105;In Progress;15.04.2020 12:38:18
LIC-104;Created;12.05.2020 09:29:51
LIC-103;Created;31.01.2020 14:55:05
LIC-103;Released;12.05.2020 15:34:53
LIC-103;Done;24.03.2020 12:57:27
LIC-103;In Progress;24.03.2020 08:00:00
LIC-103;Funnel;25.02.2020 15:55:06
LIC-103;Done;13.02.2020 15:03:38
LIC-103;In Progress;06.02.2020 08:00:00
LIC-103;Funnel;04.02.2020 15:09:05
LIC-103;In Progress;04.02.2020 11:25:27
LIC-102;Created;13.03.2020 09:14:20
LIC-102;Done;12.05.2020 15:34:53
LIC-102;Done;23.04.2020 13:00:11
LIC-102;Funnel;16.04.2020 13:50:54
LIC-102;In Progress;13.04.2020 09:00:00
LIC-101;Created;01.04.2020 13:27:10
LIC-100;Created;03.04.2020 09:06:41
LIC-99;Created;07.05.2020 12:04:44
LIC-98;Created;24.02.2020 14:14:09
LIC-98;Done;12.05.2020 15:34:53
LIC-98;Done;25.03.2020 11:40:40
LIC-98;In Progress;25.03.2020 08:00:00
LIC-98;Funnel;20.03.2020 09:22:32
LIC-98;Done;13.03.2020 11:51:23
LIC-98;Funnel;10.03.2020 08:00:00
LIC-98;In Progress;06.03.2020 11:29:29
LIC-98;Funnel;04.03.2020 08:00:00
LIC-98;In Progress;03.03.2020 08:00:00
LIC-97;Created;14.01.2020 10:52:16
LIC-97;Done;12.05.2020 15:34:53
LIC-97;Done;21.01.2020 12:34:10
LIC-97;Funnel;14.01.2020 12:04:43
LIC-97;In Progress;14.01.2020 08:00:00
LIC-97;In Progress;14.01.2020 08:00:00
LIC-96;Created;24.03.2020 13:54:14
LIC-96;Done;12.05.2020 15:34:53
LIC-96;Done;10.04.2020 13:13:55
LIC-96;Funnel;07.04.2020 09:00:00
LIC-96;In Progress;03.04.2020 09:00:00
LIC-95;Created;05.02.2020 08:44:54
LIC-95;Released;12.05.2020 15:34:53
LIC-95;Done;04.03.2020 15:30:00
LIC-95;In Progress;04.03.2020 11:21:15
LIC-95;Funnel;03.03.2020 11:08:12
LIC-95;Done;28.02.2020 12:57:51
LIC-95;In Progress;24.02.2020 10:39:32
LIC-95;Funnel;21.02.2020 11:43:28
LIC-95;Funnel;14.02.2020 12:55:35
LIC-95;In Progress;14.02.2020 08:00:00
LIC-95;In Progress;12.02.2020 08:00:00
LIC-94;Created;28.01.2020 10:12:27
LIC-94;Done;12.05.2020 15:34:53
LIC-94;Done;03.03.2020 15:00:00
LIC-94;In Progress;17.02.2020 12:59:38
LIC-94;Funnel;13.02.2020 14:50:35
LIC-94;In Progress;13.02.2020 08:00:00
LIC-94;Funnel;11.02.2020 08:00:00
LIC-94;In Progress;28.01.2020 12:07:31
LIC-93;Created;30.03.2020 10:51:21
LIC-93;Funnel;11.05.2020 13:53:58
LIC-93;In Progress;08.05.2020 13:15:36
LIC-92;Created;05.03.2020 08:19:53
LIC-92;Released;12.05.2020 15:34:53
LIC-92;Done;24.04.2020 17:00:00
LIC-92;In Progress;02.04.2020 09:00:00
LIC-92;Funnel;23.03.2020 12:27:38
LIC-92;In Progress;17.03.2020 11:30:24
LIC-91;Created;23.04.2020 10:32:27
LIC-90;Created;17.02.2020 13:32:15
LIC-90;In Progress;27.04.2020 17:00:00
LIC-90;Funnel;27.04.2020 13:17:21
LIC-90;In Progress;24.04.2020 13:32:10
LIC-90;Funnel;21.04.2020 12:47:55
LIC-90;In Progress;02.04.2020 12:57:43
LIC-90;Funnel;27.03.2020 13:36:45
LIC-90;In Progress;27.03.2020 11:24:45
LIC-89;Created;04.05.2020 14:12:40
LIC-88;Created;17.03.2020 14:40:19
LIC-88;Funnel;01.05.2020 09:00:00
LIC-88;In Progress;30.04.2020 13:33:05
LIC-88;Funnel;23.04.2020 13:16:34
LIC-88;In Progress;21.04.2020 12:38:58
LIC-88;Funnel;20.04.2020 11:51:30
LIC-88;In Progress;15.04.2020 13:04:08
LIC-88;Funnel;07.04.2020 13:50:31
LIC-88;In Progress;07.04.2020 09:00:00
LIC-87;Created;15.01.2020 15:32:06
LIC-87;Released;12.05.2020 15:34:53
LIC-87;Done;21.02.2020 16:00:00
LIC-87;In Progress;21.02.2020 11:43:28
LIC-87;Funnel;17.02.2020 13:32:15
LIC-87;Done;12.02.2020 16:00:00
LIC-87;In Progress;12.02.2020 15:11:18
LIC-87;Funnel;07.02.2020 13:57:16
LIC-87;Done;04.02.2020 12:19:27
LIC-87;In Progress;04.02.2020 08:00:00
LIC-87;Funnel;03.02.2020 12:10:08
LIC-87;Done;31.01.2020 16:00:00
LIC-87;In Progress;27.01.2020 15:33:57
LIC-87;Funnel;21.01.2020 08:00:00
LIC-87;In Progress;15.01.2020 11:53:48
LIC-86;Created;29.01.2020 08:11:02
LIC-86;Done;12.05.2020 15:34:53
LIC-86;Done;24.02.2020 10:39:32
LIC-86;In Progress;19.02.2020 08:00:00
LIC-86;Funnel;12.02.2020 16:00:00
LIC-86;In Progress;12.02.2020 12:29:41
LIC-86;Funnel;07.02.2020 15:30:00
LIC-86;Funnel;30.01.2020 13:00:00
LIC-86;In Progress;30.01.2020 11:54:46
LIC-86;In Progress;30.01.2020 11:24:32
LIC-85;Created;16.03.2020 09:17:35
LIC-85;Funnel;12.05.2020 15:34:53
LIC-85;Funnel;11.05.2020 13:11:32
LIC-85;Done;05.05.2020 13:52:14
LIC-85;In Progress;05.05.2020 09:00:00
LIC-85;Funnel;30.04.2020 09:00:00
LIC-85;In Progress;02.04.2020 12:57:43
LIC-84;Created;10.02.2020 10:30:58
LIC-84;Done;12.05.2020 15:34:53
LIC-84;Done;13.03.2020 12:05:31
LIC-84;Funnel;09.03.2020 08:00:00
LIC-84;In Progress;06.03.2020 08:00:00
LIC-83;Created;07.04.2020 13:14:45
LIC-82;Created;17.04.2020 09:50:27
LIC-81;Created;15.04.2020 11:39:13
LIC-81;Funnel;20.04.2020 16:30:00
LIC-81;In Progress;20.04.2020 09:00:00
LIC-80;Created;26.02.2020 09:35:07
LIC-80;Done;12.05.2020 15:34:53
LIC-80;Done;17.04.2020 12:28:46
LIC-80;In Progress;14.04.2020 09:00:00
LIC-80;Funnel;09.04.2020 13:39:27
LIC-80;In Progress;03.04.2020 09:00:00
LIC-80;Funnel;18.03.2020 15:14:10
LIC-80;In Progress;13.03.2020 14:15:12
LIC-80;Funnel;13.03.2020 08:00:00
LIC-80;In Progress;12.03.2020 08:00:00
LIC-79;Created;29.01.2020 10:20:06
LIC-79;Released;12.05.2020 15:34:53
LIC-79;Done;04.03.2020 14:41:45
LIC-79;In Progress;04.02.2020 08:00:00
LIC-79;Funnel;31.01.2020 12:35:54
LIC-79;In Progress;30.01.2020 12:10:33
LIC-78;Created;20.01.2020 11:09:06
LIC-78;Done;12.05.2020 15:34:52
LIC-78;Done;22.01.2020 12:24:05
LIC-78;Funnel;20.01.2020 11:20:48
LIC-78;In Progress;20.01.2020 08:00:00
LIC-78;In Progress;20.01.2020 08:00:00
LIC-77;Created;22.01.2020 09:57:00
LIC-77;Done;12.05.2020 15:34:52
LIC-77;Done;28.01.2020 15:34:05
LIC-77;Funnel;24.01.2020 08:00:00
LIC-77;In Progress;22.01.2020 08:00:00
LIC-76;Created;17.01.2020 09:31:12
LIC-76;Done;12.05.2020 15:34:52
LIC-76;Done;29.01.2020 14:30:00
LIC-76;Funnel;23.01.2020 12:57:02
LIC-76;In Progress;23.01.2020 12:51:39
LIC-76;In Progress;21.01.2020 16:00:00
LIC-76;In Progress;21.01.2020 15:30:00
LIC-76;Funnel;21.01.2020 12:34:10
LIC-76;Funnel;21.01.2020 11:52:48
LIC-76;Funnel;20.01.2020 08:00:00
LIC-76;In Progress;17.01.2020 08:00:00
LIC-75;Created;05.02.2020 13:58:18
LIC-75;Released;12.05.2020 15:34:52
LIC-75;Done;17.04.2020 13:05:07
LIC-75;In Progress;31.03.2020 11:28:56
LIC-75;Funnel;05.03.2020 12:21:54
LIC-75;In Progress;04.03.2020 12:04:12
LIC-75;Funnel;26.02.2020 15:30:00
LIC-75;In Progress;20.02.2020 08:00:00
LIC-75;Funnel;17.02.2020 11:57:33
LIC-75;In Progress;13.02.2020 12:59:47
LIC-74;Created;20.03.2020 13:33:43
LIC-74;In Progress;23.04.2020 15:30:00
LIC-74;Funnel;23.04.2020 09:00:00
LIC-74;In Progress;22.04.2020 13:53:28
LIC-73;Created;25.02.2020 10:02:53
LIC-73;Done;12.05.2020 15:34:52
LIC-73;Done;16.04.2020 13:22:56
LIC-73;Funnel;01.04.2020 13:47:48
LIC-73;In Progress;30.03.2020 13:57:42
LIC-72;Created;01.05.2020 10:58:10
LIC-71;Created;24.04.2020 14:34:48
LIC-71;In Progress;07.05.2020 13:59:23
LIC-70;Created;11.03.2020 11:46:34
LIC-70;Funnel;06.05.2020 13:23:15
LIC-70;In Progress;29.04.2020 09:00:00
LIC-70;Funnel;27.04.2020 16:21:23
LIC-70;In Progress;24.04.2020 12:22:56
LIC-70;Funnel;22.04.2020 09:00:00
LIC-70;In Progress;21.04.2020 09:00:00
LIC-69;Created;14.02.2020 14:59:04
LIC-69;Released;12.05.2020 15:34:52
LIC-69;Done;02.04.2020 17:00:00
LIC-69;In Progress;01.04.2020 13:12:40
LIC-69;Funnel;20.03.2020 14:23:13
LIC-69;Funnel;19.03.2020 15:00:00
LIC-69;In Progress;19.03.2020 12:42:42
LIC-69;In Progress;18.03.2020 12:27:09
LIC-69;Funnel;17.03.2020 16:00:00
LIC-69;In Progress;09.03.2020 12:16:00
LIC-69;Funnel;04.03.2020 08:00:00
LIC-69;In Progress;27.02.2020 08:00:00
LIC-68;Created;19.03.2020 14:25:53
LIC-68;In Progress;11.05.2020 09:00:00
LIC-68;Funnel;09.04.2020 14:00:00
LIC-68;In Progress;07.04.2020 09:00:00
LIC-67;Created;05.03.2020 14:27:30
LIC-67;In Progress;05.05.2020 09:00:00
LIC-67;Funnel;27.04.2020 13:12:23
LIC-67;In Progress;14.04.2020 16:00:00
LIC-67;Funnel;14.04.2020 13:52:55
LIC-67;In Progress;10.04.2020 13:44:19
LIC-66;Created;17.02.2020 09:20:05
LIC-66;Released;12.05.2020 15:34:52
LIC-66;Done;24.04.2020 17:00:00
LIC-66;In Progress;24.04.2020 13:15:28
LIC-66;Funnel;20.04.2020 12:15:28
LIC-66;Done;06.04.2020 13:18:55
LIC-66;Funnel;25.03.2020 11:40:40
LIC-66;In Progress;24.02.2020 12:45:59
LIC-66;Funnel;20.02.2020 12:47:52
LIC-66;In Progress;19.02.2020 08:00:00
LIC-65;Created;28.04.2020 14:34:51
LIC-64;Created;06.04.2020 09:01:33
LIC-63;Created;21.02.2020 08:09:42
LIC-63;In Progress;06.05.2020 13:53:58
LIC-63;Funnel;21.04.2020 16:30:00
LIC-63;In Progress;14.04.2020 09:00:00
LIC-63;Funnel;03.04.2020 12:14:16
LIC-63;Funnel;02.04.2020 13:53:23
LIC-63;In Progress;02.04.2020 13:53:23
LIC-63;In Progress;30.03.2020 13:18:01
LIC-63;Funnel;16.03.2020 16:00:00
LIC-63;In Progress;11.03.2020 15:40:59
LIC-63;Funnel;11.03.2020 13:00:00
LIC-63;In Progress;02.03.2020 08:00:00
LIC-63;Funnel;26.02.2020 08:00:00
LIC-63;In Progress;25.02.2020 08:00:00
LIC-62;Created;28.02.2020 11:13:54
LIC-62;Funnel;12.05.2020 15:34:52
LIC-62;Funnel;11.05.2020 10:37:10
LIC-62;Done;06.05.2020 13:53:58
LIC-62;Funnel;06.05.2020 12:13:21
LIC-62;In Progress;06.05.2020 09:00:00
LIC-62;Done;29.04.2020 13:51:27
LIC-62;In Progress;15.04.2020 09:00:00
LIC-62;Funnel;06.04.2020 17:00:00
LIC-62;In Progress;06.04.2020 15:03:02
LIC-62;Funnel;27.03.2020 16:00:00
LIC-62;In Progress;27.03.2020 12:30:21
LIC-61;Created;25.03.2020 09:51:03
LIC-61;In Progress;01.05.2020 12:15:58
LIC-61;Funnel;15.04.2020 15:30:00
LIC-61;In Progress;15.04.2020 13:43:57
LIC-60;Created;06.05.2020 15:33:53
LIC-59;Created;24.01.2020 13:27:33
LIC-59;Released;12.05.2020 15:34:52
LIC-59;Done;19.02.2020 12:38:05
LIC-59;In Progress;19.02.2020 08:00:00
LIC-59;Funnel;14.02.2020 14:59:04
LIC-59;Done;12.02.2020 12:29:41
LIC-59;In Progress;07.02.2020 08:00:00
LIC-59;Funnel;06.02.2020 11:58:06
LIC-59;In Progress;30.01.2020 12:49:04
LIC-59;Funnel;30.01.2020 08:00:00
LIC-59;In Progress;24.01.2020 15:59:45
LIC-58;Created;19.03.2020 09:26:17
LIC-57;Created;17.01.2020 12:18:16
LIC-57;Done;12.05.2020 15:34:52
LIC-57;Done;04.02.2020 16:00:00
LIC-57;In Progress;04.02.2020 15:09:05
LIC-57;Funnel;04.02.2020 11:32:38
LIC-57;Done;03.02.2020 15:30:00
LIC-57;Funnel;17.01.2020 15:30:00
LIC-57;In Progress;17.01.2020 14:57:37
LIC-57;In Progress;17.01.2020 08:00:00
LIC-56;Created;20.02.2020 09:34:45
LIC-56;Done;12.05.2020 15:34:52
LIC-56;Done;03.04.2020 16:16:55
LIC-56;Funnel;03.04.2020 09:00:00
LIC-56;In Progress;20.03.2020 16:00:00
LIC-56;Funnel;18.03.2020 10:19:09
LIC-56;In Progress;12.03.2020 12:39:22
LIC-56;Funnel;12.03.2020 08:00:00
LIC-56;In Progress;11.03.2020 15:00:00
LIC-56;Funnel;11.03.2020 11:25:58
LIC-56;In Progress;11.03.2020 08:00:00
LIC-55;Created;27.04.2020 16:21:36
LIC-54;Created;22.04.2020 10:20:33
LIC-54;Funnel;29.04.2020 17:00:00
LIC-54;In Progress;29.04.2020 13:40:11
LIC-53;Created;07.04.2020 14:45:51
LIC-52;Created;16.01.2020 11:22:50
LIC-52;Released;12.05.2020 15:34:52
LIC-52;Done;24.01.2020 15:59:45
LIC-52;Funnel;23.01.2020 15:30:00
LIC-52;In Progress;23.01.2020 12:51:39
LIC-52;Funnel;20.01.2020 14:30:00
LIC-52;In Progress;20.01.2020 12:19:35
LIC-52;In Progress;16.01.2020 08:00:00
LIC-51;Created;18.02.2020 11:59:20
LIC-51;Released;12.05.2020 15:34:52
LIC-51;Done;24.03.2020 15:11:10
LIC-51;Funnel;23.03.2020 12:55:08
LIC-51;In Progress;20.03.2020 08:00:00
LIC-50;Created;28.02.2020 15:07:38
LIC-50;Funnel;12.05.2020 15:34:52
LIC-50;Funnel;08.05.2020 15:35:32
LIC-50;Done;05.05.2020 16:30:00
LIC-50;In Progress;27.04.2020 13:41:28
LIC-50;Funnel;24.04.2020 09:00:00
LIC-50;In Progress;13.04.2020 12:25:46
LIC-50;Funnel;07.04.2020 09:00:00
LIC-50;In Progress;23.03.2020 08:00:00
LIC-49;Created;06.03.2020 08:41:24
LIC-49;Released;12.05.2020 15:34:52
LIC-49;Done;13.04.2020 17:00:00
LIC-49;Funnel;13.04.2020 13:07:29
LIC-49;In Progress;08.04.2020 12:46:28
LIC-48;Created;04.02.2020 14:11:27
LIC-48;Done;12.05.2020 15:34:52
LIC-48;Done;27.03.2020 16:00:00
LIC-48;In Progress;27.03.2020 12:29:37
LIC-48;Funnel;24.03.2020 09:59:19
LIC-48;Done;16.03.2020 15:07:20
LIC-48;Funnel;04.03.2020 08:00:00
LIC-48;In Progress;03.03.2020 08:00:00
LIC-48;Funnel;02.03.2020 08:00:00
LIC-48;In Progress;25.02.2020 08:00:00
LIC-47;Created;07.04.2020 16:26:18
LIC-47;In Progress;04.05.2020 13:49:55
LIC-46;Created;27.04.2020 12:29:53
LIC-45;Created;28.02.2020 13:11:52
LIC-45;Released;12.05.2020 15:34:52
LIC-45;Done;24.04.2020 13:53:29
LIC-45;In Progress;23.04.2020 09:00:00
LIC-45;Funnel;21.04.2020 12:47:55
LIC-45;In Progress;17.04.2020 13:24:27
LIC-45;Funnel;07.04.2020 16:30:00
LIC-45;In Progress;27.03.2020 08:00:00
LIC-44;Created;13.04.2020 14:32:00
LIC-44;Funnel;04.05.2020 13:49:55
LIC-44;In Progress;30.04.2020 13:07:23
LIC-43;Created;26.03.2020 15:29:34
LIC-43;Funnel;28.04.2020 13:13:50
LIC-43;In Progress;27.04.2020 09:00:00
LIC-42;Created;04.05.2020 09:16:06
LIC-41;Created;20.02.2020 14:48:40
LIC-41;Released;12.05.2020 15:34:52
LIC-41;Done;06.04.2020 16:30:00
LIC-41;In Progress;30.03.2020 09:00:00
LIC-41;Funnel;23.03.2020 12:03:53
LIC-41;In Progress;23.03.2020 08:00:00
LIC-40;Created;25.03.2020 12:28:12
LIC-39;Created;19.02.2020 09:08:38
LIC-39;Done;12.05.2020 15:34:52
LIC-39;Done;21.04.2020 12:38:58
LIC-39;In Progress;21.04.2020 09:00:00
LIC-39;Funnel;17.04.2020 13:37:47
LIC-39;In Progress;06.04.2020 09:00:00
LIC-39;Funnel;18.03.2020 10:19:09
LIC-39;In Progress;13.03.2020 11:17:26
LIC-39;Funnel;13.03.2020 08:00:00
LIC-39;In Progress;10.03.2020 12:09:09
LIC-38;Created;25.02.2020 11:31:26
LIC-38;Done;12.05.2020 15:34:52
LIC-38;Done;23.04.2020 13:37:43
LIC-38;Funnel;22.04.2020 09:00:00
LIC-38;In Progress;20.04.2020 16:37:38
LIC-38;Funnel;07.04.2020 12:59:42
LIC-38;In Progress;27.03.2020 12:30:21
LIC-38;Funnel;27.03.2020 08:00:00
LIC-38;In Progress;23.03.2020 11:18:13
LIC-37;Created;17.02.2020 14:07:50
LIC-37;Released;12.05.2020 15:34:52
LIC-37;Done;20.03.2020 15:30:00
LIC-37;In Progress;20.03.2020 15:20:16
LIC-37;Funnel;03.03.2020 10:34:14
LIC-37;Done;02.03.2020 16:00:00
LIC-37;Funnel;27.02.2020 08:00:00
LIC-37;In Progress;25.02.2020 12:17:19
LIC-36;Created;12.02.2020 15:57:25
LIC-36;Released;12.05.2020 15:34:52
LIC-36;Done;26.02.2020 12:38:30
LIC-36;Funnel;25.02.2020 12:17:19
LIC-36;In Progress;25.02.2020 08:00:00
LIC-36;In Progress;25.02.2020 08:00:00
LIC-35;Created;04.05.2020 15:44:51
LIC-34;Created;01.04.2020 09:20:49
LIC-34;Released;12.05.2020 15:34:52
LIC-34;Done;12.05.2020 12:39:06
LIC-34;In Progress;30.04.2020 13:25:28
LIC-34;Funnel;20.04.2020 15:00:00
LIC-34;In Progress;17.04.2020 09:00:00
LIC-33;Created;25.02.2020 12:56:10
LIC-33;Done;12.05.2020 15:34:52
LIC-33;Done;16.04.2020 12:12:21
LIC-33;In Progress;07.04.2020 09:00:00
LIC-33;Funnel;01.04.2020 13:47:48
LIC-33;In Progress;25.03.2020 14:24:27
LIC-32;Created;24.03.2020 09:59:19
LIC-32;Done;12.05.2020 15:34:52
LIC-32;Done;13.04.2020 13:36:08
LIC-32;Funnel;10.04.2020 13:15:45
LIC-32;In Progress;10.04.2020 09:00:00
LIC-31;Created;30.01.2020 09:17:31
LIC-31;Released;12.05.2020 15:34:52
LIC-31;Done;24.02.2020 12:36:11
LIC-31;Funnel;03.02.2020 11:12:35
LIC-31;In Progress;03.02.2020 08:00:00
LIC-30;Created;23.03.2020 14:56:07
LIC-29;Created;06.05.2020 10:37:57
LIC-28;Created;27.01.2020 08:22:40
LIC-28;Released;12.05.2020 15:34:53
LIC-28;Done;18.02.2020 14:30:00
LIC-28;In Progress;06.02.2020 08:00:00
LIC-28;Funnel;03.02.2020 12:17:28
LIC-28;In Progress;27.01.2020 08:00:00
LIC-27;Created;06.02.2020 12:08:43
LIC-27;Done;12.05.2020 15:34:53
LIC-27;Done;17.04.2020 13:07:49
LIC-27;In Progress;17.04.2020 09:00:00
LIC-27;Funnel;15.04.2020 15:06:44
LIC-27;Done;12.03.2020 16:00:00
LIC-27;In Progress;11.03.2020 08:00:00
LIC-27;Funnel;03.03.2020 08:00:00
LIC-27;In Progress;20.02.2020 12:18:13
LIC-27;Funnel;18.02.2020 12:39:46
LIC-27;In Progress;18.02.2020 08:00:00
LIC-26;Created;20.01.2020 09:11:24
LIC-26;Released;12.05.2020 15:34:53
LIC-26;Done;30.01.2020 12:10:33
LIC-26;Funnel;27.01.2020 08:00:00
LIC-26;In Progress;21.01.2020 08:00:00
LIC-26;Funnel;20.01.2020 11:00:16
LIC-26;In Progress;20.01.2020 08:00:00
LIC-25;Created;17.03.2020 09:16:44
LIC-25;Funnel;01.05.2020 13:53:46
LIC-25;In Progress;30.04.2020 09:00:00
LIC-24;Created;26.02.2020 14:58:07
LIC-24;Funnel;08.05.2020 13:38:19
LIC-24;In Progress;30.04.2020 17:00:00
LIC-24;Funnel;30.04.2020 16:23:02
LIC-24;In Progress;28.04.2020 17:00:00
LIC-24;Funnel;22.04.2020 16:51:35
LIC-24;In Progress;06.03.2020 12:23:11
LIC-24;Funnel;27.02.2020 12:33:15
LIC-24;In Progress;26.02.2020 12:38:30
LIC-23;Created;27.04.2020 14:17:25
LIC-22;Created;09.04.2020 10:07:37
LIC-21;Created;04.05.2020 10:58:42
LIC-20;Created;13.01.2020 08:00:00
LIC-20;Done;12.05.2020 15:34:53
LIC-20;Done;21.02.2020 16:00:00
LIC-20;In Progress;20.01.2020 14:30:00
LIC-20;Funnel;20.01.2020 12:55:39
LIC-20;In Progress;16.01.2020 16:00:00
LIC-20;Funnel;16.01.2020 13:00:00
LIC-20;In Progress;15.01.2020 13:00:00
LIC-20;Funnel;15.01.2020 11:39:07
LIC-20;In Progress;14.01.2020 16:00:00
LIC-20;Funnel;14.01.2020 12:12:04
LIC-20;In Progress;14.01.2020 10:30:56
LIC-20;Funnel;13.01.2020 16:00:00
LIC-20;In Progress;13.01.2020 10:59:02
LIC-19;Created;15.04.2020 15:06:44
LIC-18;Created;19.02.2020 12:43:09
LIC-18;In Progress;01.04.2020 12:27:14
LIC-18;Funnel;26.03.2020 12:44:49
LIC-18;In Progress;05.03.2020 15:30:00
LIC-18;Funnel;27.02.2020 15:30:00
LIC-18;In Progress;27.02.2020 12:33:15
LIC-18;Funnel;26.02.2020 15:30:00
LIC-18;In Progress;24.02.2020 10:30:05
LIC-17;Created;20.02.2020 08:21:47
LIC-17;Funnel;05.05.2020 17:00:00
LIC-17;In Progress;10.04.2020 16:30:00
LIC-17;Funnel;01.04.2020 14:00:00
LIC-17;In Progress;01.04.2020 13:58:54
LIC-17;Funnel;20.03.2020 16:00:00
LIC-17;In Progress;11.03.2020 11:25:58
LIC-17;Funnel;06.03.2020 12:01:37
LIC-17;In Progress;05.03.2020 12:39:38
LIC-17;Funnel;02.03.2020 12:20:57
LIC-17;In Progress;26.02.2020 13:00:00
LIC-17;Funnel;26.02.2020 11:08:17
LIC-17;In Progress;25.02.2020 11:00:29
LIC-16;Created;24.04.2020 10:35:25
LIC-15;Created;26.03.2020 10:32:20
LIC-15;Funnel;06.05.2020 13:34:43
LIC-15;In Progress;05.05.2020 15:30:00
LIC-15;Funnel;04.05.2020 15:30:00
LIC-15;In Progress;01.05.2020 15:30:00
LIC-15;Funnel;20.04.2020 15:00:00
LIC-15;In Progress;17.04.2020 12:08:34
LIC-14;Created;22.01.2020 12:05:09
LIC-14;Done;12.05.2020 15:34:53
LIC-14;Done;24.03.2020 12:57:27
LIC-14;Funnel;14.02.2020 15:00:00
LIC-14;In Progress;13.02.2020 15:50:30
LIC-14;Funnel;11.02.2020 16:00:00
LIC-14;In Progress;11.02.2020 10:55:01
LIC-14;Funnel;05.02.2020 12:21:08
LIC-14;In Progress;04.02.2020 15:30:00
LIC-14;Funnel;28.01.2020 15:30:00
LIC-14;In Progress;27.01.2020 12:12:11
LIC-14;Funnel;27.01.2020 11:43:52
LIC-14;In Progress;24.01.2020 15:30:00
LIC-14;Funnel;23.01.2020 15:00:00
LIC-14;In Progress;22.01.2020 15:00:00
LIC-13;Created;04.03.2020 12:22:24
LIC-13;Funnel;06.05.2020 15:30:00
LIC-13;In Progress;01.05.2020 15:30:00
LIC-13;Funnel;09.04.2020 17:00:00
LIC-13;In Progress;09.04.2020 13:58:52
LIC-13;Funnel;03.04.2020 13:50:06
LIC-13;In Progress;01.04.2020 17:00:00
LIC-13;Funnel;30.03.2020 13:07:16
LIC-13;In Progress;27.03.2020 12:00:19
LIC-13;Funnel;19.03.2020 16:00:00
LIC-13;In Progress;17.03.2020 16:00:00
LIC-12;Created;15.04.2020 10:25:39
LIC-11;Created;16.01.2020 13:27:56
LIC-11;Funnel;12.05.2020 15:34:53
LIC-11;Funnel;25.02.2020 10:02:53
LIC-11;Done;24.02.2020 16:00:00
LIC-11;Funnel;12.02.2020 12:59:47
LIC-11;Done;10.02.2020 14:30:00
LIC-11;In Progress;24.01.2020 12:08:41
LIC-11;Funnel;23.01.2020 14:30:00
LIC-11;In Progress;22.01.2020 15:25:22
LIC-11;Funnel;22.01.2020 11:24:49
LIC-11;In Progress;21.01.2020 14:30:00
LIC-11;Funnel;21.01.2020 11:57:00
LIC-11;In Progress;20.01.2020 16:00:00
LIC-11;Funnel;20.01.2020 13:55:28
LIC-11;In Progress;20.01.2020 11:00:16
LIC-11;Funnel;17.01.2020 15:00:00
LIC-11;In Progress;17.01.2020 11:17:11
LIC-10;Created;06.04.2020 14:29:52
LIC-10;Funnel;20.04.2020 16:30:00
LIC-10;In Progress;20.04.2020 12:12:36
LIC-9;Created;27.03.2020 13:21:37
LIC-9;Funnel;11.05.2020 15:30:00
LIC-9;In Progress;06.05.2020 12:28:33
LIC-9;Funnel;29.04.2020 13:52:28
LIC-9;In Progress;28.04.2020 13:24:58
LIC-9;Funnel;27.04.2020 15:00:00
LIC-9;In Progress;21.04.2020 13:37:54
LIC-9;Funnel;20.04.2020 13:55:34
LIC-9;In Progress;16.04.2020 13:55:46
LIC-8;Created;07.02.2020 13:57:16
LIC-8;Released;12.05.2020 15:34:53
LIC-8;Done;15.04.2020 17:00:00
LIC-8;In Progress;05.03.2020 13:00:00
LIC-8;Funnel;02.03.2020 12:38:01
LIC-8;In Progress;28.02.2020 16:00:00
LIC-8;Funnel;26.02.2020 12:44:04
LIC-8;In Progress;25.02.2020 15:30:00
LIC-8;Funnel;25.02.2020 14:30:00
LIC-8;In Progress;19.02.2020 11:39:41
LIC-8;Funnel;17.02.2020 16:00:00
LIC-8;In Progress;14.02.2020 16:00:00
LIC-7;Created;10.02.2020 08:10:24
LIC-7;In Progress;30.03.2020 13:25:22
LIC-7;Funnel;18.03.2020 10:19:09
LIC-7;In Progress;16.03.2020 16:00:00
LIC-7;Funnel;10.03.2020 16:00:00
LIC-7;In Progress;06.03.2020 14:52:26
LIC-7;Funnel;05.03.2020 16:00:00
LIC-7;In Progress;04.03.2020 16:00:00
LIC-7;Funnel;28.02.2020 11:57:24
LIC-7;In Progress;26.02.2020 16:00:00
LIC-6;Created;24.01.2020 08:26:16
LIC-6;Released;12.05.2020 15:34:52
LIC-6;Done;09.04.2020 13:04:15
LIC-6;Funnel;07.04.2020 16:26:18
LIC-6;Done;27.03.2020 16:00:00
LIC-6;In Progress;17.03.2020 14:30:00
LIC-6;Funnel;04.03.2020 16:00:00
LIC-6;In Progress;19.02.2020 16:00:00
LIC-6;Funnel;14.02.2020 16:00:00
LIC-6;In Progress;14.02.2020 12:58:03
LIC-6;Funnel;13.02.2020 13:00:00
LIC-6;In Progress;11.02.2020 13:00:00
LIC-6;Funnel;05.02.2020 12:18:23
LIC-6;In Progress;03.02.2020 15:30:00
LIC-6;Funnel;03.02.2020 13:00:00
LIC-6;In Progress;03.02.2020 11:12:35
LIC-5;Created;19.02.2020 10:48:23
LIC-5;In Progress;07.05.2020 14:00:00
LIC-5;Funnel;10.04.2020 17:00:00
LIC-5;In Progress;03.04.2020 16:00:00
LIC-5;Funnel;27.03.2020 14:30:00
LIC-5;In Progress;23.03.2020 14:30:00
LIC-5;Funnel;16.03.2020 15:00:00
LIC-5;In Progress;12.03.2020 12:51:14
LIC-5;Funnel;10.03.2020 15:00:00
LIC-5;In Progress;10.03.2020 11:20:04
LIC-5;Funnel;09.03.2020 12:57:30
LIC-5;In Progress;03.03.2020 11:17:09
LIC-4;Created;20.01.2020 15:18:33
LIC-4;Funnel;25.03.2020 16:00:00
LIC-4;In Progress;04.03.2020 11:37:02
LIC-4;Funnel;20.02.2020 14:43:08
LIC-4;In Progress;17.02.2020 12:42:49
LIC-4;Funnel;12.02.2020 10:52:32
LIC-4;In Progress;10.02.2020 11:22:37
LIC-4;Funnel;03.02.2020 12:17:28
LIC-4;In Progress;28.01.2020 12:36:05
LIC-4;Funnel;27.01.2020 12:19:12
LIC-4;In Progress;24.01.2020 15:30:00
LIC-4;Funnel;23.01.2020 12:15:46
LIC-4;In Progress;21.01.2020 15:30:00
LIC-3;Created;08.05.2020 13:32:17
LIC-2;Created;02.03.2020 14:04:41
LIC-2;Funnel;05.05.2020 17:00:00
LIC-2;In Progress;21.04.2020 15:59:53
LIC-2;Funnel;15.04.2020 16:46:51
LIC-2;In Progress;13.04.2020 16:00:00
LIC-2;Funnel;10.04.2020 12:45:09
LIC-2;In Progress;06.04.2020 13:41:34
LIC-2;Funnel;03.04.2020 17:00:00
LIC-2;In Progress;02.04.2020 13:22:20
LIC-2;Funnel;01.04.2020 13:47:31
LIC-2;In Progress;31.03.2020 13:53:43
LIC-1;Created;12.03.2020 08:50:44
LIC-1;In Progress;30.04.2020 13:46:19
LIC-1;Funnel;21.04.2020 17:00:00
LIC-1;In Progress;20.04.2020 15:30:18
LIC-1;Funnel;20.04.2020 13:30:59
LIC-1;In Progress;09.04.2020 14:00:00
LIC-1;Funnel;07.04.2020 14:00:00
LIC-1;In Progress;02.04.2020 16:00:00